brand,avg_rating,review_count,avg_sentiment
Amazon,4.574859887910328,1249,0.660839231385108
Amazonbasics,4.512711864406779,472,0.5081853813559322
